<root>
<tags/>
<name>cell_nucleus.tif</name>
<meta>
<positionX>0</positionX>
<positionY>0</positionY>
<positionZ>0</positionZ>
<positionT>0</positionT>
<pixelSizeX>264.5833333333333</pixelSizeX>
<pixelSizeY>264.5833333333333</pixelSizeY>
<pixelSizeZ>1</pixelSizeZ>
<timeInterval>1</timeInterval>
<channelName0>ch 0</channelName0>
<userName/>
</meta>
<rois/>
<overlays/>
<lut>
<numChannel>1</numChannel>
<scaler0>
<cancross>false</cancross>
<integerdata>true</integerdata>
<absleftin>0</absleftin>
<absrightin>255</absrightin>
<leftin>19</leftin>
<rightin>221</rightin>
<leftout>0</leftout>
<rightout>255</rightout>
</scaler0>
<colormap0>
<name>Custom</name>
<enabled>true</enabled>
<type>GRAY</type>
<red rawdata="false">
<point>
<index>0</index>
<value>0</value>
</point>
<point>
<index>255</index>
<value>255</value>
</point>
</red>
<green rawdata="false">
<point>
<index>0</index>
<value>0</value>
</point>
<point>
<index>255</index>
<value>255</value>
</point>
</green>
<blue rawdata="false">
<point>
<index>0</index>
<value>0</value>
</point>
<point>
<index>255</index>
<value>255</value>
</point>
</blue>
<gray rawdata="false">
<point>
<index>0</index>
<value>0</value>
</point>
<point>
<index>255</index>
<value>255</value>
</point>
</gray>
<alpha rawdata="false">
<point>
<index>0</index>
<value>255</value>
</point>
<point>
<index>255</index>
<value>255</value>
</point>
</alpha>
</colormap0>
</lut>
<properties/>
</root>
